INSERT INTO baralho(
	id, codigo, descricao, titulo)
	VALUES ('a28ebdb0-d3bc-4220-9814-9a743a4d829e', 'Clila', 'Primeiro Baralho','Corações da Lila');
	
	INSERT INTO carta_do_jogo(id, bonus, categoria, fonte, texto, tipo, valor_cor_grande, valor_cor_pequeno,pontos)
 Values ('d5c04bec-d0c0-414a-b160-6383c437267f','false', 'visual',  'Wikipedia', 'Deficiência visual abrange pessoas cegas e pessoas com visão reduzida', 'Definição', '0', '1','1') ,
 ('bb1ebadf-50c8-463c-8eb3-6f3998a466f3','true', 'visual', ' www.deficienteonline.com.br', 'A deficiência visual pode ser congênita ou adquirida ao longo da vida.', 'Informação', '0','2' ,'1' ),
 ('72a75c88-eb6d-4907-8e56-9ade773be768','true', 'visual', 'Wikipedia', 'Para apoio à pessoa com deficiência visual, softwares de leitura de tela  reproduzem a informação mostrada na tela do computador através de áudio.', 'Informação','0', '2', '1' ),
 ('23597b56-4d1e-4bab-a378-f0bee0670c21','false', 'Visual','Wikipedia', 'Andrea Bocelli, tenor, nasceu com glaucoma congênito e ficou cego aos 12 anos.', 'Pessoa', '1', '0', '1'),
 ('63eb9c0f-4322-481c-9609-c10da6625670','true', 'Visual','bengalalegal.com', 'Para ajudar uma pessoa cega a sentar-se, você deve guiá-la até a cadeira e colocar a mão dela sobre o encosto, informando se esta tem braço ou não.', 'Ação','1','1', '2'),
 ('a3fecf8b-4e47-4c10-9159-0a0450d19fee','true', 'Visual', 'passeidireto.com','Sempre que se afastar, avise a pessoa cega, pois ela pode não perceber a sua saída.', 'Ação', '0', '3', '2'),
 ('49c9b1af-d4b2-4bbe-8da3-d8197c8c4e74','true', 'Visual','bengalalegal.com', 'Nunca puxe a pessoa cega ou pegue o seu braço. Caso ela queira ser guiada, dê o seu ombro ou cotovelo dobrado para apoio.', 'Ação', '2', '1', '3'),
 ('ba7248cf-ae38-462b-b04a-75ee18e6aa2b','true', 'Visual', 'deficienteonline.com.br', 'Para facilitar a identificação do percurso para pessoa com deficiência visual, utilize faixas no piso, com textura e cor diferenciadas.', 'Ação', '1', '2', '3'),
 ('ea374b03-c5a8-4b7e-8126-740e3c2d93ae','false', 'Visual', 'IMDB','Ray (2004) - A história do gênio musical Ray Charles, deficiente visual desde a infância.', 'Filme','0','1', '1'),
 ('775c7b9f-6ce2-4919-8696-c751dd322ac3','false', 'Auditiva', ' novaescola.org.br', 'Deficiência auditiva é a perda parcial ou total da audição, causada por malformação (causa genética) ou lesões no aparelho auditivo.', 'Definição', '0', '1', '1'),
 ('6d66bf26-ca3b-477a-8c21-0b524939f54d','true', 'Auditiva', ' Wikipedia', 'O termo correto é "Surdo" e não "Surdo-mudo". A mudez é uma outra deficiência.', 'Informação', '0', '2', '1' ),
 ('67bd2c4c-510e-4ed9-8097-667de830a0fb','true', 'Auditiva', 'acessibilidadenapratica.blogspot.com.br', 'Existem diferentes línguas de sinais, por exemplo, LIBRAS no Brasil e ASL nos EUA. Porém, pessoas que tenham perdido a audição aos poucos, podem conhecer apenas português.', 'Informação', '0', '2', '1'),
 ('4cbd300f-356f-4dc5-9e19-723f265e316c','false', 'Auditiva', ' emais.estadao.com.br', 'Millie Bobby Brown, atriz de Stranger Things, é parcialmente surda.', 'Pessoa', '0', '1', '1'),
 ('cbf85483-c366-44cc-b87f-199c31a4b6ee','true', 'Auditiva', 'portaldosurdo.com.br', 'Enquanto estiver conversando com a pessoa surda, mantenha sempre contato visual. Se você desviar o olhar, ela pode achar que a conversa terminou.', 'Ação', '1', '1', '2'),
 ('59fdea46-98c1-4bc8-b9f5-94c6d0e125e7','true', 'Auditiva', 'portaldosurdo.com.br', 'Sempre use um tom normal de voz com a pessoa com deficiência auditiva, a não ser que peçam para falar mais alto. Gritar nunca adianta.', 'Ação', '0', '3', '2'),
 ('aa2a80cb-5373-4266-b2db-c7ffe320ed8a','true', 'Auditiva', 'deficienteonline.com.br', 'Identifique os sinais sonoros existentes no ambiente de trabalho (como alarmes de incêndio), para que sejam acompanhados por sinais luminosos.', 'Ação', '2','1', '3'),
 ('70bc6f2a-1708-44e2-8176-eb328fcf6c6d','true', 'Auditiva', 'acessibilidadenapratica.blogspot.com.br', 'Realize capacitação em LIBRAS e utilize legendas para incluir, respectivamente, surdos falantes de língua de sinais e de português.', 'Ação', '1', '2', '3'),
 ('cf457d7f-5077-4b88-924b-dc082797a4dd','false', 'Auditiva', 'IMDB', 'Filhos do Silêncio (1986) - Um professor de uma escola para deficientes passa a ter em sua classe uma moça surda que vive isolada e se recusa a seguir os métodos próprios para o ensino.', 'Filme', '0', '1', '1'),
 ('87de0d7c-f7fb-409a-bca4-2e499593d1cf','false', 'Física', 'deficienteonline.com.br', 'Deficiência física é a alteração completa ou parcial de um ou mais segmentos do corpo humano, acarretando o comprometimento da função física.', 'Definição', '0','1', '1' ),
 ('9becbe7a-f825-4e22-81c0-4aa37111f35c','true', 'Física', 'deficienteonline.com.br', 'O banheiro adaptado para pessoas com deficiência física já é uma determinação prevista em lei.', 'Informação', '0', '2', '1'),
 ('34dda9d2-9a49-42b0-bece-34de496f2275','true', 'Física', 'deficienteonline.com.br','A possibilidade de ocorrer LER/DORT para uma pessoa com deficiência física de membro superior é a mesma que para uma pessoa sem deficiência. ', 'Informação', '0', '2', '1'),
 ('661556c2-7c71-4d26-a170-c89e45b9b151','false', 'Física', ' Wikipedia', 'Jillian Mercado é uma modelo americana com distrofia muscular, que se interessou pelo mundo da moda devido à sua mãe, costureira, e seu pai, vendedor de calçados. ', 'Pessoa', '0','1', '1'),
 ('9a65d81b-25c4-46ae-be97-0ce9c2d615ba','true', 'Física', 'bengalalegal.com','Mantenha as muletas ou bengalas sempre próximas à pessoa com deficiência física.', 'Ação', '1', '1', '2'),
 ('d5adaa3e-d87c-4142-a1b8-db5fd208def4','true', 'Física', 'deficienteonline.com.br', 'Nunca movimente a cadeira de rodas sem antes pedir permissão para a pessoa.', 'Ação', '0','3', '2'),
 ('830365f5-61b8-4ba0-bbe1-dd98d646139d','true', 'Física', 'deficienteonline.com.br', 'Esteja atento para as barreiras de acesso dos locais que queira visitar com uma pessoa com deficiência física.', 'Ação', '2', '1', '3'),
 ('0ce10c1c-a755-4681-9ea8-cebdd91a3d1a','true', 'Física', 'blog.isocial.com.br', 'Instale bebedouros com uma altura adequada a cadeirantes.', 'Ação', '1', '2', '3'),
 ('2cf6543e-206c-4d25-bf74-c3b90cf16965','false', 'Física', 'IMDB', 'Intocáveis (2012) - Um milionário tetraplégico  contrata um homem da periferia para ser o seu acompanhante, apesar de sua aparente falta de preparo.','Filme','0','2', '1'),
 ('3beadf41-2959-4ab4-90cb-9569d0c5c62a','false', 'Intelectual', 'deficienteonline.com.br', 'Deficiência intelectual é classificada como um  conjunto de problemas que afeta o intelecto de um indivíduo, podendo causar dificuldade de aprendizagem.', 'Definição', '0','1', '1'),
 ('0e093f20-090c-4e2b-86cb-db82d9e647dd','true', 'Intelectual', 'deficienteonline.com.br', 'A deficiência intelectual pode ser conseqüência de uma doença, mas ela não é uma doença; é uma condição.', 'Informação', '0', '2', '1'),
 ('0c418bab-eb8c-4fc1-91db-3e4edd4d2521','true', 'Intelectual', 'deficienteonline.com.br', 'A deficiência intelectual inclui limitações em diversas áreas, e cada uma delas pode ser compensada para promover a produtividade.', 'Informação','0', '2', '1'),
 ('097a9142-e7fc-48ad-b4e9-b67c07cb73e1','false', 'Intelectual', 'movimentodown.org.br', 'Fernanda Honorato é a primeira repórter com Síndrome de Down do país.', 'Pessoa', '1', '0', '1'),
 ('cbe1f577-391a-4295-b014-b88934477918','true', 'Intelectual', 'camara.leg.br', 'A pessoa com deficiência intelectual deve fazer sozinha tudo o que puder, e devemos ajudá-la somente se for necessário.', 'Ação', '1', '1', '2'),
 ('f4382737-9a2b-4312-947d-7a35cba05757','true', 'Intelectual', 'camara.leg.br', 'Ao se dirigir a uma pessoa com deficiência intelectual, você deve agir naturalmente.', 'Ação', '0', '3', '2'),
 ('6d550a16-c7ee-44ce-a451-7db033bf1cbe','true', 'Intelectual', 'movimentodown.org.br', 'Simplifique linguagem de materiais e textos para incluir, por exemplo, pessoas com Síndrome de Down.', 'Ação', '2', '1', '3'),
 ('fa2e82e2-477e-423c-9b21-5da1ec9ecad1','true', 'Intelectual', ' Programa Somar do Citibank', 'Os profissionais com deficiência intelectual devem ser designados a um tutor, que acompanhará e será mentor daquele colaborador.', 'Ação', '1', '2', '3'),
 ('f6064e66-38fd-4b24-aa16-99527693ad5d','false', 'Intelectual', 'IMDB', 'Uma lição de amor (2001) - Um pai com deficiência intelectual que toma conta de sua filha com a ajuda de um grupo de amigos.', 'Filme', '0', '1', '1'),
 ('f1731854-493f-4d39-8745-39ce48002e98','false', 'TRANSTORNO DO ESPECTRO AUTISTA (TEA)', ' autismo.institutopensi.org.br', 'Transtorno do Espectro Autista (TEA) é uma condição do desenvolvimento neurológico, caracterizado por alteração da comunicação, interação social e presença de comportamentos repetitivos e estereotipados.', 'Definição', '0', '1', '1'),
 ('df5a10d6-e930-492a-865b-ea4b1825f0a2','true', 'TRANSTORNO DO ESPECTRO AUTISTA (TEA)', 'gauchazh.clicrbs.com.br', 'O autismo é um espectro amplo, desde níveis mais leves até níveis mais graves, em que a fala e a motricidade também podem ser afetadas.', 'Informação', '0', '2', '1' ),
 ('60251f82-a52a-4f8b-a0f3-109bc6b61dd2','true', 'TRANSTORNO DO ESPECTRO AUTISTA (TEA)', 'gauchazh.clicrbs.com.br', 'O autismo é diagnosticado por observação de conduta, por mais de um profissional, como psicólogos, psiquiatras e neurologistas.','Informação', '0', '2', '1' ),
 ('4f58247d-8639-48bc-97c8-d0648544ce0c','false', 'TRANSTORNO DO ESPECTRO AUTISTA (TEA)', ' YouTube', 'A atriz e ativista Daryl Hannah é autista, tendo recebido o diagnóstico ainda criança.', 'Pessoa', '1', '0', '1'),
 ('85d80193-42ae-4a8a-9e9e-dd9e47ea42d2','true', 'TRANSTORNO DO ESPECTRO AUTISTA (TEA)', 'autism.org.uk', 'Em situações de estresse, assegure a pessoa com autismo que ela está indo bem e dê exemplos concretos de como prosseguir.', 'Ação', '1', '1', '2'),
 ('7fbd6d65-afec-4610-8e9a-222c753fc1b1','true', 'TRANSTORNO DO ESPECTRO AUTISTA (TEA)', ' istoe.com.br', 'Monte rotinas bem estruturadas para a pessoa com autismo, com instruções concisas e específicas.', 'Ação', '0', '3', '2'),
 ('4053b7c3-6504-4c75-b064-c150dddbf467','true', 'TRANSTORNO DO ESPECTRO AUTISTA (TEA)', 'psychologytoday.com', 'Priorize a comunicação escrita para pessoas com autismo, pois é mais estruturada, reduz a demanda sensorial e permite maior tempo de resposta.', 'Ação', '2', '1', '3'),
 ('b1efd9c4-36ac-4354-b42e-211c5302936d','true', 'TRANSTORNO DO ESPECTRO AUTISTA (TEA)','abc.net.au', 'Crie espaços onde a pessoa com autismo possa ficar em silêncio e com iluminação diminuída quando estiver sobrecarregada pelo ambiente.', 'Ação', '1', '2', '3'),
 ('2f1eb2ad-e6ac-4d1d-bef0-3c5c2bf77fce','true', 'TRANSTORNO DO ESPECTRO AUTISTA (TEA)', 'IMDB','Temple Grandin (2010) Baseado no livro “Uma menina estranha”, da própria Temple, uma mulher com autismo que se tornou uma das maiores especialistas do mundo em manejo de gado.', 'Filme', '0', '1', '1' ),
 ('7cbd73e3-fcc8-4d54-8d04-d0ef86a6aef0','false', 'TRANSTORNO DO ESPECTRO AUTISTA (TEA)', ' Wikipedia', 'Deficiência é o termo usado para definir a ausência ou a disfunção de uma estrutura psíquica, fisiológica ou anatômica.', 'Informação', '0', '2', '1'),
 ('532c5bc9-9516-4bd4-9eb1-9565ec20ee12','false', 'Genérica', 'novaescola.org.br', 'Síndrome é um conjunto de sintomas ou sinais que,  juntos, evidenciam uma condição particular.', 'Informação', '0', '2', '1'),
 ('f1c63293-62bf-4b33-85aa-a3109b69f56d','false', 'Genérica', 'assistiva.com.br', 'As tecnologias assistivas têm como objetivo proporcionar maior qualidade de vida, independência e inclusão social, através da ampliação da comunicação e mobilidade, por exemplo.', 'Informação', '0', '2', '1' ),
 ('e9100e2c-5e4b-42d4-951e-fdf1f52ddf81','false', 'Genérica', 'deficienteonline.com.br', 'Empresa com 100 ou mais funcionários está obrigada a preencher 2-5% dos seus cargos com pessoas com deficiência.', 'Informação', '1', '0', '1'),
 ('dcfb3ae5-6ebe-44ce-bd62-30780203024d','false', 'Genérica', ' Wikipedia', 'Capacitismo é o termo designado para definir quando há discriminação e preconceito contra pessoas com qualquer tipo de deficiência. ', 'Informação', '1', '0', '1'),
 ('170a8d26-5b2c-4cb2-8ccd-3889616bcfaf','false', 'Genérica', ' Programa de Inclusão DBServer', 'Realize palestras de sensibilização e treinamentos.','Ação', '0', '3', '2'),
 ('9b9dad58-a793-44f2-bf9c-418d02f6ed27','false', 'Genérica','Joyce C. S. Bastos (TCC)', 'Para ter um programa de inclusão efetiva, incentive conhecimento de novos horizontes profissionais e possibilidades de progressão. ','Ação', '0', '3', '2'),
 ('fd039d09-d5d4-4eed-9a24-a6e6acff67f3','false', 'Genérica','Joyce C. S. Bastos (TCC)', 'Promova a interação e convivência de pessoas com e sem deficiência.', 'Ação', '1', '2', '3'),
 ('cbbac91b-f3f1-4780-b079-17fadb445cf9','false', 'Genérica', ' Programa de Inclusão DBServer', 'Antes da contratação, percorra as dependências da empresa com a pessoa para identificar pontos de dificuldades de acesso.', 'Ação', '2', '1', '3');
  
  INSERT INTO carta_objetivo( id,categoria, classificacao, descricao, pontos)
	VALUES ( 'c15aafd2-8f1f-4863-9a9d-4bfe8c2d3261','FISICA', 'Ganhe 3 pontos se você tiver a maior quantidade de cartas da categoria Física ao final da partida','Um dos seus
funcionários passou a usar cadeira de rodas.','3') ,

('28230274-13a0-48ac-a393-188cf38cd5e8', 'FISICA ', 'Ganhe 1 ponto por cada carta que você tiver da categoria Física ao final da partida', 'Uma das suas amigas quebrouo braço.', '1'),

('fc863629-7ee2-4bcf-b855-ef12b858bf02', 'INTELECTUAL', 'Ganhe 3 pontos se você tiver a maior quantidade de cartas da categoria Intelectual ao final da partida', 'Você é o mentor do novo
funcionário com deficiência intelectual.', '3'),

('f5b62839-3035-418a-9836-f7f86c8f653d', 'INTELECTUAL', 'Ganhe 1 ponto por cada carta que você tiver da categoria Intelectual ao final da partida', 'Sua avó está com dificuldades para se lembrar das coisas.', '1'),

('d1290354-401c-4d53-8495-b8ef1d6f456b', 'VISUAL', 'Ganhe 3 pontos se você tiver a maior quantidade de cartas da categoria Visual ao final da partida', 'Sua visão noturna diminuiu
recentemente.', '3'),

('55d5947b-f491-4fe2-8c65-4d1e61ef8561', 'VISUAL', 'Ganhe 1 ponto por cada carta que você tiver da categoria Visual ao final da partida', 'Seu grau de óculos aumentou muito.', '1'),

('870c4cbe-c00e-4533-abe8-af7e9a053681', 'TRANSTORNO DO ESPECTRO AUTISTA (TEA)', 'Ganhe 3 pontos se você tiver a maior quantidade de cartas da categoria Transtorno do Espectro Autista (TEA) 
ao final da partida
', 'Você é o mentor do novo funcionário com autismo.', '3'),

('5dc16976-9c0a-47f7-a3e4-00fa83de3c1d', 'TRANSTORNO DO ESPECTRO AUTISTA (TEA)', 'Ganhe 1 ponto por cada carta que você tiver da categoria Transtorno do Espectro Autista (TEA) ao final da partida', 'Seu ambiente de trabalho tem muitas distrações.', '1'),

('53c316cb-8090-45e7-8ceb-b76499672763', 'AUDITIVA', 'Ganhe 3 pontos se você tiver a maior quantidade de cartas da categoria Auditiva ao final da partida', 'Seu pai já tem certa idade e está perdendo a audição', '3'),

('7b3e8a21-6335-4690-ae69-bd7ecf862346', 'AUDITIVA','Ganhe 1 ponto por cada carta que você tiver da categoria Auditiva ao final da partida','Seu ambiente de trabalho é muito barulhento.', '1'),

('3c16a975-e904-48f5-9557-816930cdafaf', 'CATEGORIA AO FINAL DA PARTIDA', 'Ganhe 3 pontos se você tiver a maior variedade de categorias ao final da partida', 'Seu filho pequeno está prendendo a respeitar os coleguinhas.', '3'),

('c7f83c84-d8b1-454b-bdc4-526cebbd7972', 'CATEGORIA AO FINAL DA PARTIDA','Ganhe 1 ponto por cada categoria que você tiver ao final da partida', 'Sua empresa passou a ter mais de 100 
funcionários.', '1'),
( '272f930e-1adc-4405-b4a5-e9b909ce5738','CARTA DE FILME', 'Ganhe 2 pontos se você tiver alguma carta de filme ao final da partida', 'Sua sobrinha adolescente se identifica com personagens.', '2'),

('04e501a8-e6a4-4ab5-84aa-1d76df1f62dc', 'CARTA DE INFORMAÇÃO', 'Ganhe 2 pontos se você tiver alguma carta de informação ao final da partida', 'Você é responsável pelo newsletter da empresa', '2');
  
  
INSERT INTO carta_inicio(id, descricao, nome)

VALUES ('5c425302-96e8-4c79-b576-8641aed0196e','Inicia o jogo quem tiver usado um recurso de acessibilidade mais recentemente', 'RECURSO DE ACESSIBILIDADE'),

('09eb905b-2be5-4bfd-95b6-3ea1f3c4e356','Inicia o jogo quem tiver quebrado um membro mais recentemente','MEMBRO QUEBRADO'),

('b354be94-dc3a-445b-a981-b09bb3cef252','Inicia o jogo quem soletrar seu nome em Libras mais rápido', 'NOME EM LIBRAS'),

('5c541ba0-25eb-4225-ab5b-e93fcf50c503','Inicia o jogo quem participou de uma palestra / capacitação
sobre inclusão mais recentemente', 'PALESTRA OU CAPACITAÇÃO'),

('c769913a-1c98-4a9b-92f4-2f7dfcbf98ba','Inicia o jogo quem citar uma série / filme com um personagem com
deficiência primeiro', 'FILME OU SÉRIE'),

('583429a1-f727-481f-8bb0-8fd6365180b7','Inicia o jogo quem começou a usar óculos mais cedo que os demais', 'USO DE ÓCULOS'),

('26b36506-6351-48f8-b2e3-bbb729f1e790','Inicia o jogo quem conversou com uma pessoa com deficiência
mais recentemente', 'CONVERSA COM DEFICIENTE RECENTE'),

('03b52ad9-474a-4499-bd8e-6a9cb9581a43','Inicia o jogo quem conversou mais recentemente com uma pessoa com deficiência, sobre algo SEM relação com deficiência', 'CONVERSA COM DEFICIENTE');

  INSERT INTO baralho_cartainicio(
	bar_id, car_id)
	VALUES('a28ebdb0-d3bc-4220-9814-9a743a4d829e','5c425302-96e8-4c79-b576-8641aed0196e'),
('a28ebdb0-d3bc-4220-9814-9a743a4d829e','09eb905b-2be5-4bfd-95b6-3ea1f3c4e356'),
('a28ebdb0-d3bc-4220-9814-9a743a4d829e','b354be94-dc3a-445b-a981-b09bb3cef252'),
('a28ebdb0-d3bc-4220-9814-9a743a4d829e','5c541ba0-25eb-4225-ab5b-e93fcf50c503'),
('a28ebdb0-d3bc-4220-9814-9a743a4d829e','c769913a-1c98-4a9b-92f4-2f7dfcbf98ba'),
('a28ebdb0-d3bc-4220-9814-9a743a4d829e','583429a1-f727-481f-8bb0-8fd6365180b7'),
('a28ebdb0-d3bc-4220-9814-9a743a4d829e','26b36506-6351-48f8-b2e3-bbb729f1e790'),
('a28ebdb0-d3bc-4220-9814-9a743a4d829e','03b52ad9-474a-4499-bd8e-6a9cb9581a43');

INSERT INTO baralho_cartadojogo(
	bar_id, car_id)
	VALUES ('a28ebdb0-d3bc-4220-9814-9a743a4d829e', 'd5c04bec-d0c0-414a-b160-6383c437267f'),
('a28ebdb0-d3bc-4220-9814-9a743a4d829e', 'bb1ebadf-50c8-463c-8eb3-6f3998a466f3'),
('a28ebdb0-d3bc-4220-9814-9a743a4d829e', '72a75c88-eb6d-4907-8e56-9ade773be768'),
('a28ebdb0-d3bc-4220-9814-9a743a4d829e', '23597b56-4d1e-4bab-a378-f0bee0670c21'),
('a28ebdb0-d3bc-4220-9814-9a743a4d829e', '63eb9c0f-4322-481c-9609-c10da6625670'),
('a28ebdb0-d3bc-4220-9814-9a743a4d829e', 'a3fecf8b-4e47-4c10-9159-0a0450d19fee'),
('a28ebdb0-d3bc-4220-9814-9a743a4d829e', '49c9b1af-d4b2-4bbe-8da3-d8197c8c4e74'),
('a28ebdb0-d3bc-4220-9814-9a743a4d829e', 'ba7248cf-ae38-462b-b04a-75ee18e6aa2b'),
('a28ebdb0-d3bc-4220-9814-9a743a4d829e', 'ea374b03-c5a8-4b7e-8126-740e3c2d93ae'),
('a28ebdb0-d3bc-4220-9814-9a743a4d829e', '775c7b9f-6ce2-4919-8696-c751dd322ac3'),
('a28ebdb0-d3bc-4220-9814-9a743a4d829e', '6d66bf26-ca3b-477a-8c21-0b524939f54d'),
('a28ebdb0-d3bc-4220-9814-9a743a4d829e', '67bd2c4c-510e-4ed9-8097-667de830a0fb'),
('a28ebdb0-d3bc-4220-9814-9a743a4d829e', '4cbd300f-356f-4dc5-9e19-723f265e316c'),
('a28ebdb0-d3bc-4220-9814-9a743a4d829e', 'cbf85483-c366-44cc-b87f-199c31a4b6ee'),
('a28ebdb0-d3bc-4220-9814-9a743a4d829e', '59fdea46-98c1-4bc8-b9f5-94c6d0e125e7'),
('a28ebdb0-d3bc-4220-9814-9a743a4d829e', 'aa2a80cb-5373-4266-b2db-c7ffe320ed8a'),
('a28ebdb0-d3bc-4220-9814-9a743a4d829e', '70bc6f2a-1708-44e2-8176-eb328fcf6c6d'),
('a28ebdb0-d3bc-4220-9814-9a743a4d829e', 'cf457d7f-5077-4b88-924b-dc082797a4dd'),
('a28ebdb0-d3bc-4220-9814-9a743a4d829e', '87de0d7c-f7fb-409a-bca4-2e499593d1cf'),
('a28ebdb0-d3bc-4220-9814-9a743a4d829e', '9becbe7a-f825-4e22-81c0-4aa37111f35c'),
('a28ebdb0-d3bc-4220-9814-9a743a4d829e', '34dda9d2-9a49-42b0-bece-34de496f2275'),
('a28ebdb0-d3bc-4220-9814-9a743a4d829e', '661556c2-7c71-4d26-a170-c89e45b9b151'),
('a28ebdb0-d3bc-4220-9814-9a743a4d829e', '9a65d81b-25c4-46ae-be97-0ce9c2d615ba'),
('a28ebdb0-d3bc-4220-9814-9a743a4d829e', 'd5adaa3e-d87c-4142-a1b8-db5fd208def4'),
('a28ebdb0-d3bc-4220-9814-9a743a4d829e', '830365f5-61b8-4ba0-bbe1-dd98d646139d'),
('a28ebdb0-d3bc-4220-9814-9a743a4d829e', '0ce10c1c-a755-4681-9ea8-cebdd91a3d1a'),
('a28ebdb0-d3bc-4220-9814-9a743a4d829e', '2cf6543e-206c-4d25-bf74-c3b90cf16965'),
('a28ebdb0-d3bc-4220-9814-9a743a4d829e', '3beadf41-2959-4ab4-90cb-9569d0c5c62a'),
('a28ebdb0-d3bc-4220-9814-9a743a4d829e', '0e093f20-090c-4e2b-86cb-db82d9e647dd'),
('a28ebdb0-d3bc-4220-9814-9a743a4d829e', '0c418bab-eb8c-4fc1-91db-3e4edd4d2521'),
('a28ebdb0-d3bc-4220-9814-9a743a4d829e', '097a9142-e7fc-48ad-b4e9-b67c07cb73e1'),
('a28ebdb0-d3bc-4220-9814-9a743a4d829e', 'cbe1f577-391a-4295-b014-b88934477918'),
('a28ebdb0-d3bc-4220-9814-9a743a4d829e', 'f4382737-9a2b-4312-947d-7a35cba05757'),
('a28ebdb0-d3bc-4220-9814-9a743a4d829e', '6d550a16-c7ee-44ce-a451-7db033bf1cbe'),
('a28ebdb0-d3bc-4220-9814-9a743a4d829e', 'fa2e82e2-477e-423c-9b21-5da1ec9ecad1'),
('a28ebdb0-d3bc-4220-9814-9a743a4d829e', 'f6064e66-38fd-4b24-aa16-99527693ad5d'),
('a28ebdb0-d3bc-4220-9814-9a743a4d829e', 'f1731854-493f-4d39-8745-39ce48002e98'),
('a28ebdb0-d3bc-4220-9814-9a743a4d829e', 'df5a10d6-e930-492a-865b-ea4b1825f0a2'),
('a28ebdb0-d3bc-4220-9814-9a743a4d829e', '60251f82-a52a-4f8b-a0f3-109bc6b61dd2'),
('a28ebdb0-d3bc-4220-9814-9a743a4d829e', '4f58247d-8639-48bc-97c8-d0648544ce0c'),
('a28ebdb0-d3bc-4220-9814-9a743a4d829e', '85d80193-42ae-4a8a-9e9e-dd9e47ea42d2'),
('a28ebdb0-d3bc-4220-9814-9a743a4d829e', '7fbd6d65-afec-4610-8e9a-222c753fc1b1'),
('a28ebdb0-d3bc-4220-9814-9a743a4d829e', '4053b7c3-6504-4c75-b064-c150dddbf467'),
('a28ebdb0-d3bc-4220-9814-9a743a4d829e', 'b1efd9c4-36ac-4354-b42e-211c5302936d'),
('a28ebdb0-d3bc-4220-9814-9a743a4d829e', '2f1eb2ad-e6ac-4d1d-bef0-3c5c2bf77fce'),
('a28ebdb0-d3bc-4220-9814-9a743a4d829e', '7cbd73e3-fcc8-4d54-8d04-d0ef86a6aef0'),
('a28ebdb0-d3bc-4220-9814-9a743a4d829e', '532c5bc9-9516-4bd4-9eb1-9565ec20ee12'),
('a28ebdb0-d3bc-4220-9814-9a743a4d829e', 'f1c63293-62bf-4b33-85aa-a3109b69f56d'),
('a28ebdb0-d3bc-4220-9814-9a743a4d829e', 'e9100e2c-5e4b-42d4-951e-fdf1f52ddf81'),
('a28ebdb0-d3bc-4220-9814-9a743a4d829e', 'dcfb3ae5-6ebe-44ce-bd62-30780203024d'),
('a28ebdb0-d3bc-4220-9814-9a743a4d829e', '170a8d26-5b2c-4cb2-8ccd-3889616bcfaf'),
('a28ebdb0-d3bc-4220-9814-9a743a4d829e', '9b9dad58-a793-44f2-bf9c-418d02f6ed27'),
('a28ebdb0-d3bc-4220-9814-9a743a4d829e', 'fd039d09-d5d4-4eed-9a24-a6e6acff67f3'),
('a28ebdb0-d3bc-4220-9814-9a743a4d829e', 'cbbac91b-f3f1-4780-b079-17fadb445cf9');
 
  INSERT INTO baralho_cartaobjetivo(
	bar_id, car_id)
	VALUES ('a28ebdb0-d3bc-4220-9814-9a743a4d829e','c15aafd2-8f1f-4863-9a9d-4bfe8c2d3261'),
('a28ebdb0-d3bc-4220-9814-9a743a4d829e','28230274-13a0-48ac-a393-188cf38cd5e8'),
('a28ebdb0-d3bc-4220-9814-9a743a4d829e','fc863629-7ee2-4bcf-b855-ef12b858bf02'),
('a28ebdb0-d3bc-4220-9814-9a743a4d829e','f5b62839-3035-418a-9836-f7f86c8f653d'),
('a28ebdb0-d3bc-4220-9814-9a743a4d829e','d1290354-401c-4d53-8495-b8ef1d6f456b'),
('a28ebdb0-d3bc-4220-9814-9a743a4d829e','55d5947b-f491-4fe2-8c65-4d1e61ef8561'),
('a28ebdb0-d3bc-4220-9814-9a743a4d829e','870c4cbe-c00e-4533-abe8-af7e9a053681'),
('a28ebdb0-d3bc-4220-9814-9a743a4d829e','5dc16976-9c0a-47f7-a3e4-00fa83de3c1d'),
('a28ebdb0-d3bc-4220-9814-9a743a4d829e','53c316cb-8090-45e7-8ceb-b76499672763'),
('a28ebdb0-d3bc-4220-9814-9a743a4d829e','7b3e8a21-6335-4690-ae69-bd7ecf862346'),
('a28ebdb0-d3bc-4220-9814-9a743a4d829e','3c16a975-e904-48f5-9557-816930cdafaf'),
('a28ebdb0-d3bc-4220-9814-9a743a4d829e','c7f83c84-d8b1-454b-bdc4-526cebbd7972'),
('a28ebdb0-d3bc-4220-9814-9a743a4d829e','04e501a8-e6a4-4ab5-84aa-1d76df1f62dc');

INSERT INTO sala(id, hash, status, dado,baralho_id) values
       ('7d487fb2-6fe2-4413-b7f7-1f7a2f9694ab', '6g-Rg8V5', 0,2, 'a28ebdb0-d3bc-4220-9814-9a743a4d829e' );

INSERT INTO jogador(id, bonus_coracao_gra, bonus_coracao_peq, coracao_gra, coracao_peq, nome, pontos,status,isHost  ) values
        ('01fa2624-bc16-4d3b-a1d6-6e797b47e04d', 0, 0, 2, 3, 'João', 5,0,'true');

INSERT INTO sala_jogadores(sala_id, jogadores_id) values
        ('7d487fb2-6fe2-4413-b7f7-1f7a2f9694ab', '01fa2624-bc16-4d3b-a1d6-6e797b47e04d');

INSERT INTO jogador_cartadojogo ( jog_id, car_id) values
        ('01fa2624-bc16-4d3b-a1d6-6e797b47e04d', 'd5c04bec-d0c0-414a-b160-6383c437267f'),
        ('01fa2624-bc16-4d3b-a1d6-6e797b47e04d', '72a75c88-eb6d-4907-8e56-9ade773be768'),
        ('01fa2624-bc16-4d3b-a1d6-6e797b47e04d', 'cbbac91b-f3f1-4780-b079-17fadb445cf9');

INSERT INTO jogador_cartaobjetivo( jog_id, car_id) values
        ('01fa2624-bc16-4d3b-a1d6-6e797b47e04d', 'c15aafd2-8f1f-4863-9a9d-4bfe8c2d3261' ),
        ('01fa2624-bc16-4d3b-a1d6-6e797b47e04d', '5dc16976-9c0a-47f7-a3e4-00fa83de3c1d' );
